轻量化锂电池,199900,16
单人郊游快艇,106500,18
氢燃料电池堆栈,101400,9
服务器机柜,97382,15
孔雀石雕件,96768,9
无人作战车,93753,12
大圣残缺石像,89461,10
刺绣千里江山图,88473,8
全自动生化分析仪,86130,12
波斯毯,85800,12
蜘蛛型自走机器人,82740,9
现代书法家题字,79825,6
错金铜鼎,78540,9
移动工作站,78120,9
豪华旅行摩托车,77700,9
病理监护仪,76233,4
重型全生态作战防弹衣,74745,12
大展宏图,73682,8
财神爷摆件,71499,6
数字调音台,70140,9
反器材狙击步枪,67600,10
中古牛皮沙发,65610,3
便携式超声诊断仪,62055,6
智能冰箱,61143,8
缂丝袍,60600,9
医用负压吸引机,60342,6
洛可可风格沙龙速写,58395,9
芒画派肖像油画,57540,9
翡翠观音,56700,3
模块化电磁突击步枪试用型,55770,8
黄庭经卷仿本,55440,2
曲面带鱼屏显示器,54495,6
伊比利亚橡果火腿,54180,6
宗教壁画残片,53550,6
锦绣山河靠山石,51801,6
高端VR套装,51660,6
竞技避震套装,51240,9
航空碳纤维鱼竿,50604,4
手术用显微镜,49920,4
金牙普洱茶,49200,1
发财树,48703,8
乌木椅,48300,9
枝状珊瑚,48096,3
隆中牌气压盘式制动器,45231,4
金佛塔,43650,6
蓝鳍金枪鱼腹,42975,4
背挂式无线电干扰发生器,42525,4
行业无人机,41850,4
心脏支架,40385,4
可调式尾翼,39690,6
手作羊奶酪,39600,4
海蓝宝晶体,39168,3
定制晚礼服,38745,6
亲签秋衣,38745,6
营造法式彩画作制度图样精仿本,37920,2
全画幅微单,37800,4
单兵水下推进器,37350,6
满分斯诺克纪念球杆,36511,6
敦煌遗书唐代写经卷仿制卷,35100,4
单兵战场信息系统终端,34490,4
竞技离合器套件,34425,4
托帕石原石,34408,4
西瓜碧玺,34344,1
白松露,33000,1
碳纤维轮毂,31950,4
唐刀,30600,4
智能控温空调,30159,3
浪漫主义风景素描原作,29700,4
便携式军用雷达,29500,4
银法典,29025,4
野生大红袍,29025,1
限量时尚杂志,28450,4
顶级化妆礼盒,27675,4
羊脂玉璧,27450,4
亲签球鞋,26605,2
赛车方向盘,25875,4
植物水彩图,25875,2
章丘铁锅,24969,2
祈祷书彩绘插页,24435,2
博纳普斯球场VIP赛季票,24332,1
变彩欧泊,21840,1
黄金打火机,21201,1
专业声卡,19845,2
康帝葡萄酒,19600,2
三十年茅台,18600,2
个性化肿瘤疫苗,16200,1
水晶杯,15542,1
貔貅茶宠,15345,1
铂金胸针,15325,1
电影定焦镜头,14850,1
南洋金珠,14520,1
狗头金,13332,1
西湖龙井明前,12825,1
长焦镜头,12675,1
野生皇冠鱼子酱,12600,1
高浓缩磁暴瘫痪手雷,12400,1
限定球星收藏卡,12225,1
私人飞机租赁证明,11175,1
机械腕表,9245,1
旗舰手机,7800,1
